{
  "config": {
    "run_name": "exp1_1",
    "out_dir": "./results",
    "seed": 247005889,
    "device": null,
    "bs_train": 128,
    "bs_test": 32,
    "batches": 100,
    "epochs": 100,
    "early_stopping": 3,
    "checkpoints": null,
    "lr": 0.001,
    "reg": 0.001,
    "filters_per_layer": [
      32
    ],
    "pool_every": 2,
    "hidden_dims": [
      100
    ],
    "model_type": "cnn",
    "kernel_size": 3,
    "padding": 1,
    "batchnorm": false,
    "dropout": 0.0,
    "momentum": 0.1,
    "kw": {},
    "layers_per_block": 8
  },
  "results": {
    "num_epochs": 0,
    "train_loss": [
      2.303192789554596,
      2.3028672742843628,
      2.3028733777999877,
      2.302918646335602,
      2.302818477153778,
      2.302946789264679,
      2.302915861606598,
      2.30291894197464
    ],
    "train_acc": [
      10.1484375,
      9.8046875,
      9.8984375,
      10.1796875,
      9.671875,
      9.8984375,
      10.0,
      9.8203125
    ],
    "test_loss": [
      2.3027134561538696,
      2.302688901424408,
      2.303013744354248,
      2.302657141685486,
      2.3027725172042848,
      2.3027974510192872,
      2.3025543689727783,
      2.3027949833869936
    ],
    "test_acc": [
      10.125,
      9.65625,
      10.21875,
      9.625,
      10.46875,
      9.65625,
      10.46875,
      9.84375
    ]
  }
}