{
  "config": {
    "run_name": "exp1_2",
    "out_dir": "./results",
    "seed": 1930062885,
    "device": null,
    "bs_train": 128,
    "bs_test": 32,
    "batches": 100,
    "epochs": 100,
    "early_stopping": 3,
    "checkpoints": null,
    "lr": 0.001,
    "reg": 0.001,
    "filters_per_layer": [
      128
    ],
    "pool_every": 2,
    "hidden_dims": [
      100
    ],
    "model_type": "cnn",
    "kernel_size": 3,
    "padding": 1,
    "batchnorm": false,
    "dropout": 0.0,
    "momentum": 0.1,
    "kw": {},
    "layers_per_block": 8
  },
  "results": {
    "num_epochs": 0,
    "train_loss": [
      2.3032958555221557,
      2.302955846786499,
      2.3027678751945495,
      2.302871265411377,
      2.3025478863716127,
      2.30286470413208
    ],
    "train_acc": [
      10.109375,
      10.1015625,
      9.8828125,
      10.1015625,
      10.3125,
      9.6875
    ],
    "test_loss": [
      2.302499749660492,
      2.3025609993934633,
      2.3024965834617617,
      2.3024824452400208,
      2.3029322981834413,
      2.3024379992485047
    ],
    "test_acc": [
      10.21875,
      10.46875,
      10.5,
      10.21875,
      9.84375,
      10.125
    ]
  }
}