{
  "config": {
    "run_name": "exp1_3",
    "out_dir": "./results",
    "seed": 214930976,
    "device": null,
    "bs_train": 128,
    "bs_test": 32,
    "batches": 100,
    "epochs": 100,
    "early_stopping": 3,
    "checkpoints": null,
    "lr": 0.001,
    "reg": 0.001,
    "filters_per_layer": [
      64,
      128,
      256
    ],
    "pool_every": 2,
    "hidden_dims": [
      100
    ],
    "model_type": "cnn",
    "kernel_size": 3,
    "padding": 1,
    "batchnorm": false,
    "dropout": 0.0,
    "momentum": 0.1,
    "kw": {},
    "layers_per_block": 2
  },
  "results": {
    "num_epochs": 0,
    "train_loss": [
      2.3032508945465087,
      2.3024821710586547,
      2.301353280544281,
      2.2870498514175415,
      2.30351438999176,
      2.302571003437042
    ],
    "train_acc": [
      9.8046875,
      9.9453125,
      12.7265625,
      15.90625,
      10.0,
      9.6875
    ],
    "test_loss": [
      2.3023316621780396,
      2.301959166526794,
      2.2992604207992553,
      2.3073444604873656,
      2.302385823726654,
      2.3017624950408937
    ],
    "test_acc": [
      10.5,
      10.5,
      17.1875,
      9.84375,
      10.40625,
      9.65625
    ]
  }
}