{
  "config": {
    "run_name": "exp1_2",
    "out_dir": "./results",
    "seed": 408080443,
    "device": null,
    "bs_train": 128,
    "bs_test": 32,
    "batches": 100,
    "epochs": 100,
    "early_stopping": 3,
    "checkpoints": null,
    "lr": 0.001,
    "reg": 0.001,
    "filters_per_layer": [
      256
    ],
    "pool_every": 2,
    "hidden_dims": [
      100
    ],
    "model_type": "cnn",
    "kernel_size": 3,
    "padding": 1,
    "batchnorm": false,
    "dropout": 0.0,
    "momentum": 0.1,
    "kw": {},
    "layers_per_block": 8
  },
  "results": {
    "num_epochs": 0,
    "train_loss": [
      2.3032332110404967,
      2.302985813617706,
      2.3027584028244017,
      2.3030130529403685,
      2.3027532958984374,
      2.3028634095191958,
      2.302796516418457,
      2.3028776597976686,
      2.3028471660614014
    ],
    "train_acc": [
      10.4609375,
      9.6796875,
      10.3671875,
      9.78125,
      10.234375,
      10.0546875,
      10.0390625,
      9.640625,
      10.0859375
    ],
    "test_loss": [
      2.3032280468940733,
      2.3030005359649657,
      2.3026092433929444,
      2.3027128076553343,
      2.302661294937134,
      2.302696554660797,
      2.303024489879608,
      2.302790815830231,
      2.3029170083999633
    ],
    "test_acc": [
      9.75,
      9.625,
      9.75,
      9.96875,
      9.96875,
      10.46875,
      9.625,
      9.75,
      9.84375
    ]
  }
}