{
  "config": {
    "run_name": "exp1_2",
    "out_dir": "./results",
    "seed": 338233465,
    "device": null,
    "bs_train": 128,
    "bs_test": 32,
    "batches": 100,
    "epochs": 100,
    "early_stopping": 3,
    "checkpoints": null,
    "lr": 0.001,
    "reg": 0.001,
    "filters_per_layer": [
      32
    ],
    "pool_every": 2,
    "hidden_dims": [
      100
    ],
    "model_type": "cnn",
    "kernel_size": 3,
    "padding": 1,
    "batchnorm": false,
    "dropout": 0.0,
    "momentum": 0.1,
    "kw": {},
    "layers_per_block": 8
  },
  "results": {
    "num_epochs": 0,
    "train_loss": [
      2.303444104194641,
      2.303103883266449,
      2.302830307483673,
      2.3028680419921876,
      2.3028949451446534,
      2.302691173553467
    ],
    "train_acc": [
      9.765625,
      9.6328125,
      10.203125,
      10.015625,
      10.3046875,
      9.9453125
    ],
    "test_loss": [
      2.303251588344574,
      2.3027490067481993,
      2.302971270084381,
      2.3027093505859373,
      2.3029071569442747,
      2.303279287815094
    ],
    "test_acc": [
      9.65625,
      9.75,
      9.84375,
      9.75,
      9.84375,
      9.84375
    ]
  }
}