{
  "config": {
    "run_name": "exp1_3",
    "out_dir": "./results",
    "seed": 310696436,
    "device": null,
    "bs_train": 128,
    "bs_test": 32,
    "batches": 100,
    "epochs": 100,
    "early_stopping": 3,
    "checkpoints": null,
    "lr": 0.001,
    "reg": 0.001,
    "filters_per_layer": [
      64,
      128,
      256
    ],
    "pool_every": 2,
    "hidden_dims": [
      100
    ],
    "model_type": "cnn",
    "kernel_size": 3,
    "padding": 1,
    "batchnorm": false,
    "dropout": 0.0,
    "momentum": 0.1,
    "kw": {},
    "layers_per_block": 3
  },
  "results": {
    "num_epochs": 0,
    "train_loss": [
      2.3035127401351927,
      2.3029307174682616,
      2.3029398488998414,
      2.302761478424072,
      2.3027837538719176,
      2.3028380560874937,
      2.3027792739868165,
      2.302861800193787
    ],
    "train_acc": [
      9.6640625,
      9.7421875,
      9.6640625,
      10.2265625,
      10.25,
      9.7734375,
      10.046875,
      9.9453125
    ],
    "test_loss": [
      2.3027134370803832,
      2.3026999950408937,
      2.3028711104393005,
      2.3031631112098694,
      2.30248211145401,
      2.3026399922370913,
      2.302590959072113,
      2.3026903867721558
    ],
    "test_acc": [
      9.625,
      9.625,
      9.84375,
      9.84375,
      10.46875,
      9.84375,
      9.625,
      10.125
    ]
  }
}