{
  "config": {
    "run_name": "exp1_1",
    "out_dir": "./results",
    "seed": 1885748051,
    "device": null,
    "bs_train": 128,
    "bs_test": 32,
    "batches": 100,
    "epochs": 100,
    "early_stopping": 3,
    "checkpoints": null,
    "lr": 0.001,
    "reg": 0.001,
    "filters_per_layer": [
      64
    ],
    "pool_every": 2,
    "hidden_dims": [
      100
    ],
    "model_type": "cnn",
    "kernel_size": 3,
    "padding": 1,
    "batchnorm": false,
    "dropout": 0.0,
    "momentum": 0.1,
    "kw": {},
    "layers_per_block": 8
  },
  "results": {
    "num_epochs": 0,
    "train_loss": [
      2.3027407336235046,
      2.303191912174225,
      2.3029115796089172,
      2.302858967781067
    ],
    "train_acc": [
      10.625,
      9.78125,
      10.1953125,
      9.4765625
    ],
    "test_loss": [
      2.3030338716506957,
      2.3027289414405825,
      2.302788450717926,
      2.303200566768646
    ],
    "test_acc": [
      10.46875,
      10.21875,
      9.65625,
      9.625
    ]
  }
}